Rank,Name,Total Net Worth,Country,Industry
1,Elon Musk,$311B,United States,Technology
2,Jeff Bezos,$210B,United States,Technology
3,Bernard Arnault,$174B,France,Consumer
4,Bill Gates,$139B,United States,Technology
5,Larry Page,$132B,United States,Technology
6,Mark Zuckerberg,$129B,United States,Technology
7,Sergey Brin,$128B,United States,Technology
8,Steve Ballmer,$122B,United States,Technology
9,Larry Ellison,$114B,United States,Technology
10,Warren Buffett,$102B,United States,Diversified
11,Francoise Bettencourt Meyers,$94.7B,France,Consumer
12,Mukesh Ambani,$94.3B,India,Energy
13,Gautam Adani,$87.2B,India,Industrial
14,Zhong Shanshan,$79.0B,China,Diversified
15,Amancio Ortega,$73.0B,Spain,Retail
16,Phil Knight & family,$65.1B,United States,Consumer
17,Jim Walton,$64.2B,United States,Retail
18,Rob Walton,$63.8B,United States,Retail
19,Carlos Slim,$62.4B,Mexico,Diversified
20,Alice Walton,$62.3B,United States,Retail
21,MacKenzie Scott,$62.2B,United States,Technology
22,Charles Koch,$60.1B,United States,Industrial
23,Julia Flesher Koch & family,$60.1B,United States,Industrial
24,Zeng Yuqun,$57.5B,Hong Kong,Industrial
25,Michael Dell,$55.3B,United States,Technology
26,Francois Pinault,$53.3B,France,Consumer
27,Ma Huateng,$50.5B,China,Technology
28,Jacqueline Badger Mars,$48.1B,United States,Food & Beverage
29,John Mars,$48.1B,United States,Food & Beverage
30,Zhang Yiming,$44.5B,China,Technology
31,Len Blavatnik,$43.0B,United States,Diversified
32,Stephen Schwarzman,$41.8B,United States,Finance
33,Jack Ma,$40.6B,China,Technology
34,Klaus-Michael Kuehne,$37.6B,Germany,Industrial
35,Azim Premji,$37.5B,India,Technology
36,William Ding,$36.6B,China,Technology
37,Takemitsu Takizaki,$36.5B,Japan,Technology
38,Leonard Lauder,$36.0B,United States,Consumer
39,Giovanni Ferrero & family,$34.0B,Italy,Food & Beverage
40,Leonardo Del Vecchio,$33.9B,Italy,Consumer
41,Alain Wertheimer,$33.5B,France,Consumer
42,Gerard Wertheimer,$33.5B,France,Consumer
43,Tadashi Yanai,$33.5B,Japan,Retail
44,Pallonji Mistry,$32.8B,Ireland,Industrial
45,Leonid Mikhelson,$31.1B,Russian Federation,Energy
46,Vladimir Potanin,$30.7B,Russian Federation,Commodities
47,Li Shu Fu,$30.6B,China,Industrial
48,Li Ka-shing,$30.5B,Hong Kong,Real Estate
49,He Xiangjian,$30.2B,China,Consumer
50,Jensen Huang,$30.2B,United States,Technology
51,Colin Huang,$28.9B,China,Technology
52,Dustin Moskovitz,$28.8B,United States,Technology
53,Dieter Schwarz,$28.7B,Germany,Retail
54,Dan Gilbert,$28.5B,United States,Real Estate
55,Alexey Mordashov,$28.5B,Russian Federation,Industrial
56,Eric Schmidt,$28.4B,United States,Technology
57,Shiv Nadar,$28.3B,India,Technology
58,Vladimir Lisin,$27.8B,Russian Federation,Industrial
59,Radhakishan Damani,$26.8B,India,Retail
60,Miriam Adelson,$26.8B,United States,Entertainment
61,Abigail Johnson,$26.8B,United States,Finance
62,Scott Farquhar,$26.0B,Australia,Technology
63,Mike Cannon-Brookes,$26.0B,Australia,Technology
64,Henry Cheng,$25.9B,Hong Kong,Retail
65,Pang Kang,$25.4B,China,Food & Beverage
66,James Simons,$25.4B,United States,Finance
67,John Menard,$25.3B,United States,Retail
68,Masayoshi Son,$25.2B,Japan,Technology
69,Yang Huiyan,$24.9B,China,Real Estate
70,Wang Chuan-Fu,$24.8B,China,Consumer
71,Huang Shilin,$24.5B,China,Industrial
72,Wei Jianjun,$24.2B,China,Consumer
73,James Dyson,$23.7B,United Kingdom,Consumer
74,Thomas Peterffy,$23.7B,United States,Finance
75,Susanne Klatten,$23.6B,Germany,Industrial
76,Lee Shau Kee,$23.4B,Hong Kong,Real Estate
77,Qin Yinglin,$22.6B,China,Food & Beverage
78,Vagit Alekperov,$22.3B,Russian Federation,Energy
79,Carl Icahn,$22.2B,United States,Diversified
80,Lukas Walton,$22.2B,United States,Retail
81,Thomas Struengmann,$22.2B,Germany,Health Care
82,Andreas Struengmann,$22.2B,Germany,Health Care
83,Stefan Quandt,$21.9B,Germany,Industrial
84,Ken Griffin,$21.8B,United States,Finance
85,Thomas Frist,$21.8B,United States,Health Care
86,Alisher Usmanov,$21.7B,Russian Federation,Diversified
87,Jay Chaudhry,$21.4B,United States,Technology
88,Zhang Zhidong,$21.4B,China,Technology
89,Gustaf Douglas & family,$21.3B,Sweden,Diversified
90,Li Xiting,$21.2B,Singapore,Health Care
91,Ernesto Bertarelli & family,$21.2B,Switzerland,Diversified
92,Jorge Paulo Lemann,$20.9B,Brazil,Food & Beverage
93,Iris Fontbona & family,$20.8B,Chile,Commodities
94,Elaine Marshall,$20.6B,United States,Industrial
95,Wang Xing,$20.6B,China,Technology
96,Richard Liu,$20.5B,China,Technology
97,Peter Woo,$20.3B,Hong Kong,Real Estate
98,Aliko Dangote,$20.2B,Nigeria,Industrial
99,Gennady Timchenko,$20.1B,Russian Federation,Diversified
100,Stefan Persson,$19.6B,Sweden,Retail
101,Lakshmi Mittal,$19.6B,India,Commodities
102,Donald Newhouse,$19.3B,United States,Media & Telecom
103,Wang Wei,$19.2B,China,Services
104,Xu Hang,$18.9B,Hong Kong,Health Care
105,Lei Jun,$18.8B,China,Technology
106,Eduardo Saverin,$18.7B,Brazil,Technology
107,Robert Kuok,$18.6B,Malaysia,Diversified
108,Budi Hartono,$18.6B,Indonesia,Diversified
109,Viktor Vekselberg,$18.6B,Russian Federation,Industrial
110,Laurene Powell Jobs,$18.5B,United States,Media & Telecom
111,Forrest Li,$18.5B,Singapore,Technology
112,Roman Abramovich,$18.2B,Russian Federation,Diversified
113,Jiang Rensheng,$17.7B,China,Health Care
114,Ernie Garcia,$17.6B,United States,Consumer
115,Sara Mota de Larrea & family,$17.6B,Mexico,Commodities
116,Michael Hartono,$17.5B,Indonesia,Diversified
117,Dave Duffield,$17.4B,United States,Technology
118,Andrey Melnichenko,$17.4B,Russian Federation,Industrial
119,Alwaleed Bin Talal,$17.2B,Saudi Arabia,Diversified
120,Andrew Forrest,$17.2B,Australia,Commodities
121,Donald Bren,$16.9B,United States,Real Estate
122,Chen Bang,$16.7B,China,Health Care
123,Uday Kotak,$16.6B,India,Finance
124,Brian Chesky,$16.3B,United States,Services
125,Jim Goodnight,$16.3B,United States,Technology
126,Vicky Safra,$16.1B,Greece,Finance
127,Cyrus Poonawalla,$16.0B,India,Health Care
128,Hasso Plattner,$16.0B,Germany,Technology
129,Gina Rinehart,$15.9B,Australia,Commodities
130,Ned Johnson III,$15.9B,United States,Finance
131,Charoen Sirivadhanabhakdi,$15.7B,Thailand,Food & Beverage
132,Charlene de Carvalho-Heineken,$15.7B,Netherlands,Food & Beverage
133,Goh Cheng Liang,$15.6B,Singapore,Industrial
134,Ray Dalio,$15.6B,United States,Finance
135,Pei Zhenhua,$15.3B,China,Industrial
136,Karl Albrecht Jr,$15.3B,Germany,Retail
137,Beate Heister,$15.3B,Germany,Retail
138,Lv Xiang-yang,$15.2B,China,Consumer
139,Dietrich Mateschitz,$15.1B,Austria,Food & Beverage
140,Lui Che-Woo,$15.1B,Hong Kong,Entertainment
141,Zhang Congyuan,$15.0B,Taiwan,Industrial
142,David Tepper,$14.9B,United States,Finance
143,Ricardo Salinas,$14.8B,Mexico,Diversified
144,Sherry Brydson,$14.8B,Canada,Media & Telecom
145,Reinhold Wuerth,$14.8B,Germany,Industrial
146,Philip Anschutz,$14.5B,United States,Diversified
147,Sam Bankman-Fried,$14.4B,United States,Finance
148,Wu Yajun,$14.4B,China,Real Estate
149,Ma Jianrong,$14.4B,China,Consumer
150,Mikhail Fridman,$14.3B,Russian Federation,Diversified
151,Tobi Lutke,$14.3B,Canada,Technology
152,Wang Wenyin,$14.2B,China,Commodities
153,Li Zhenguo,$14.2B,China,Energy
154,Mikhail Prokhorov,$14.1B,Russian Federation,Diversified
155,Victor Rashnikov,$13.8B,Russian Federation,Industrial
156,Harold Hamm,$13.7B,United States,Energy
157,Dilip Shanghvi,$13.7B,India,Health Care
158,Jan Koum,$13.7B,United States,Technology
159,Charles Schwab,$13.7B,United States,Finance
160,Joe Gebbia,$13.6B,United States,Services
161,Dang Yanbao,$13.5B,China,Energy
162,Nathan Blecharczyk,$13.5B,United States,Services
163,Melker Schorling,$13.4B,Sweden,Diversified
164,Liu Jincheng,$13.3B,China,Industrial
165,Jim Ratcliffe,$13.2B,United Kingdom,Industrial
166,Robert Pera,$13.0B,United States,Technology
167,Lin Jianhua,$13.0B,China,Technology
168,Leon Black,$13.0B,United States,Finance
169,Jack Dorsey,$12.9B,United States,Technology
170,Hugh Grosvenor,$12.9B,United Kingdom,Real Estate
171,David Geffen,$12.8B,United States,Entertainment
172,Gong Hongjia,$12.8B,China,Technology
173,Sun Piaoyang,$12.7B,China,Health Care
174,Brian Armstrong,$12.7B,United States,Technology
175,Ugur Sahin,$12.7B,Germany,Health Care
176,Zhang Bo,$12.6B,China,Industrial
177,Eric Yuan,$12.4B,United States,Technology
178,Jin Baofang,$12.3B,China,Energy
179,Kumar Birla,$12.3B,India,Industrial
180,George Roberts,$12.3B,United States,Finance
181,Fan Hongwei,$12.3B,China,Energy
182,Savitri Jindal,$12.1B,India,Commodities
183,Sunil Mittal,$12.1B,India,Media & Telecom
184,Qi Shi,$12.0B,China,Finance
185,Marijke Mars,$12.0B,United States,Food & Beverage
186,Victoria Mars,$12.0B,United States,Food & Beverage
187,Pamela Mars-Wright,$12.0B,United States,Food & Beverage
188,Valerie Mars,$12.0B,United States,Food & Beverage
189,Henry Kravis,$12.0B,United States,Finance
190,Zhou Qunfei,$11.9B,China,Technology
191,Jim Davis,$11.8B,United States,Consumer
192,Suleiman Kerimov,$11.8B,Russian Federation,Commodities
193,Johann Rupert & family,$11.8B,South Africa,Diversified
194,Eyal Ofer,$11.7B,Israel,Services
195,Melinda French Gates,$11.7B,United States,Diversified
196,Liu Yongxing,$11.7B,China,Industrial
197,Steven Rales,$11.6B,United States,Industrial
198,Charles Ergen,$11.5B,United States,Media & Telecom
199,Raymond Kwok,$11.5B,Hong Kong,Real Estate
200,Marc Benioff,$11.5B,United States,Technology
201,John Grayken,$11.5B,Ireland,Finance
202,Carl Bennet,$11.4B,Sweden,Finance
203,Patrick Collison,$11.4B,Ireland,Technology
204,John Collison,$11.4B,Ireland,Technology
205,Anders Holch Povlsen & family,$11.4B,Denmark,Retail
206,Alejandro Santo Domingo & family,$11.3B,Colombia,Food & Beverage
207,Dmitry Rybolovlev,$11.3B,Russian Federation,Diversified
208,Jorge Moll & family,$11.3B,Brazil,Health Care
209,Stan Kroenke,$11.2B,United States,Real Estate
210,Leo Koguan,$11.2B,United States,Technology
211,Micky Arison,$11.2B,United States,Entertainment
212,Antonia Axson Johnson,$11.1B,Sweden,Industrial
213,Brian Kim,$11.1B,"Korea, Republic of",Technology
214,Robin Li,$11.1B,China,Technology
215,Thomas Kwok,$11.1B,Hong Kong,Real Estate
216,Rinat Akhmetov,$11.0B,Ukraine,Industrial
217,Steve Cohen,$11.0B,United States,Finance
218,Sarath Ratanavadi,$10.9B,Thailand,Energy
219,Laurent Dassault,$10.8B,France,Diversified
220,Marie-Helene Habert-Dassault,$10.8B,France,Diversified
221,Thierry Dassault,$10.8B,France,Diversified
222,Paolo Rocca & family,$10.8B,Italy,Commodities
223,Chase Coleman,$10.8B,United States,Finance
224,Ding Shizhong,$10.7B,China,Consumer
225,Harry Triguboff,$10.7B,Australia,Real Estate
226,Heinrich Deichmann & family,$10.7B,Germany,Retail
227,Michael Platt,$10.7B,United Kingdom,Finance
228,Cao Renxian,$10.7B,China,Technology
229,Gordon Moore,$10.6B,United States,Technology
230,Chen Zhiping,$10.5B,China,Consumer
231,Bobby Murphy,$10.5B,United States,Technology
232,Liu Hanyuan,$10.5B,China,Industrial
233,Michael Kadoorie,$10.4B,Hong Kong,Energy
234,Stan Druckenmiller,$10.4B,United States,Finance
235,Qian Dongqi,$10.4B,China,Technology
236,Ding Shijia,$10.3B,China,Consumer
237,Dietmar Hopp,$10.3B,Germany,Technology
238,Graeme Hart,$10.3B,New Zealand,Finance
239,Stefano Pessina,$10.2B,Monaco,Retail
240,K P Singh,$10.2B,India,Real Estate
241,Pierre Omidyar,$10.2B,United States,Technology
242,Emmanuel Besnier,$10.2B,France,Food & Beverage
243,Carl Cook,$10.1B,United States,Health Care
244,Christy Walton,$10.1B,United States,Retail
245,Patrick Soon-Shiong,$10.1B,United States,Health Care
246,Liu Yonghao,$10.1B,China,Diversified
247,Gang Ye,$10.1B,Singapore,Technology
248,Les Wexner,$10.0B,United States,Retail
249,Niels Louis-Hansen,$10.0B,Denmark,Health Care
250,Andy Bechtolsheim,$9.97B,Germany,Technology
251,John Albert Sobrato,$9.97B,United States,Real Estate
252,Gianluigi Aponte,$9.95B,Switzerland,Services
253,Marcel Telles,$9.88B,Brazil,Food & Beverage
254,Li Ping,$9.86B,China,Industrial
255,Georg Schaeffler,$9.86B,Germany,Industrial
256,Evan Spiegel,$9.85B,United States,Technology
257,Jay Y. Lee,$9.80B,"Korea, Republic of",Diversified
258,Zhong Huijuan,$9.80B,China,Health Care
259,Gao Jifan,$9.74B,China,Energy
260,German Khan,$9.73B,Russian Federation,Diversified
261,Izzy Englander,$9.70B,United States,Finance
262,Wee Cho Yaw,$9.68B,Singapore,Finance
263,Andy Beal,$9.65B,United States,Finance
264,Patrick Drahi,$9.52B,France,Media & Telecom
265,John Malone,$9.52B,United States,Media & Telecom
266,Wang Laisheng,$9.51B,China,Industrial
267,Li Ge,$9.50B,United States,Health Care
268,Rocco Commisso,$9.41B,United States,Media & Telecom
269,Jerry Jones,$9.40B,United States,Entertainment
270,Tim Sweeney,$9.37B,United States,Technology
271,August von Finck,$9.36B,Germany,Diversified
272,John Fredriksen,$9.30B,Cyprus,Industrial
273,Mitchell Rales,$9.26B,United States,Industrial
274,Theo Albrecht Jr,$9.25B,Germany,Retail
275,Anthony von Mandl,$9.20B,Canada,Consumer
276,Jude Reyes,$9.18B,United States,Consumer
277,Chris Reyes,$9.18B,United States,Consumer
278,Taylor Thomson,$9.14B,Canada,Media & Telecom
279,Peter Thomson,$9.14B,Canada,Media & Telecom
280,David Thomson,$9.13B,Canada,Media & Telecom
281,Alexander Abramov,$9.10B,Russian Federation,Industrial
282,Rupert Murdoch,$9.08B,United States,Media & Telecom
283,Shigenobu Nagamori,$9.08B,Japan,Industrial
284,Samuel Yin,$9.08B,Taiwan,Diversified
285,Magdalena Martullo,$9.06B,Switzerland,Industrial
286,Herbert Kohler Jr & family,$9.05B,United States,Consumer
287,David Sun,$8.99B,United States,Technology
288,John Tu,$8.99B,United States,Technology
289,Silvio Berlusconi,$8.98B,Italy,Media & Telecom
290,Blair Parry-Okeden,$8.98B,United States,Media & Telecom
291,Jim Kennedy,$8.98B,United States,Media & Telecom
292,Wang Laichun,$8.88B,China,Industrial
293,Hansjoerg Wyss,$8.86B,Switzerland,Health Care
294,Giorgio Armani,$8.84B,Italy,Consumer
295,Alberto Bailleres,$8.84B,Mexico,Commodities
296,Anthony Pratt,$8.82B,Australia,Industrial
297,Rahel Blocher,$8.79B,Switzerland,Industrial
298,Leonid Fedun,$8.73B,Russian Federation,Energy
299,Laurence Graff,$8.73B,United Kingdom,Consumer
300,David Baszucki,$8.72B,Canada,Technology
301,Vyacheslav Kantor,$8.68B,Russian Federation,Industrial
302,Robert Smith,$8.65B,United States,Finance
303,Cen Junda,$8.64B,China,Health Care
304,Martin Viessmann & family,$8.64B,Germany,Industrial
305,Reinhold Schmieding,$8.62B,United States,Health Care
306,Cai Kui,$8.62B,China,Real Estate
307,Tammy Gustavson,$8.60B,United States,Services
308,Pham Nhat Vuong,$8.56B,Viet Nam,Real Estate
309,Wang Jianlin,$8.56B,China,Real Estate
310,Rahul Bajaj,$8.54B,India,Diversified
311,Nusli Wadia,$8.54B,India,Diversified
312,Carlos Sicupira,$8.54B,Brazil,Food & Beverage
313,George Lucas,$8.52B,United States,Entertainment
314,Charles Butt & family,$8.49B,United States,Retail
315,Yu Yong,$8.49B,China,Finance
316,Luis Sarmiento,$8.47B,Colombia,Finance
317,James Pattison,$8.45B,Canada,Media & Telecom
318,Wang Yusuo,$8.44B,China,Energy
319,Benu Bangur,$8.42B,India,Commodities
320,Stephen Ross,$8.39B,United States,Real Estate
321,Wu Shaoxun,$8.37B,China,Food & Beverage
322,Cheng Xue,$8.34B,China,Food & Beverage
323,Ernest Garcia III,$8.34B,United States,Consumer
324,Xavier Niel,$8.31B,France,Technology
325,Takahisa Takahara,$8.23B,Japan,Consumer
326,Yeung Kin-Man,$8.21B,Hong Kong,Technology
327,Sandra Ortega Mera,$8.20B,Spain,Retail
328,Elizabeth Johnson,$8.20B,United States,Finance
329,Ned Johnson IV,$8.20B,United States,Finance
330,Michael Rubin,$8.19B,United States,Retail
331,Shahid Khan,$8.19B,United States,Consumer
332,Tito Beveridge,$8.18B,United States,Consumer
333,He Xiaopeng,$8.18B,China,Technology
334,John Sall,$8.14B,United States,Technology
335,Richard Kinder,$8.10B,United States,Energy
336,Horst Pudwill,$8.10B,Germany,Consumer
337,Stephane Bancel,$8.09B,France,Health Care
338,Steven Spielberg,$8.08B,United States,Entertainment
339,Nicky Oppenheimer,$8.08B,South Africa,Diversified
340,Ronda Stryker,$8.07B,United States,Health Care
341,Alain Merieux,$8.06B,France,Health Care
342,Josh Harris,$8.05B,United States,Finance
343,Ralph Lauren,$8.04B,United States,Consumer
344,Yao Liangsong,$8.03B,China,Retail
345,Michael Otto,$8.03B,Germany,Retail
346,Zhao Yan,$8.02B,China,Health Care
347,Juan Beckmann Vidal & family,$7.99B,Mexico,Food & Beverage
348,Natie Kirsh,$7.96B,South Africa,Food & Beverage
349,Johann Graf,$7.95B,Austria,Entertainment
350,Andrey Guryev,$7.95B,Russian Federation,Industrial
351,Frederik Paulsen,$7.94B,Sweden,Health Care
352,Dennis Washington,$7.91B,United States,Industrial
353,Iskandar Makhmudov,$7.90B,Russian Federation,Commodities
354,Shari Arison,$7.90B,Israel,Diversified
355,Oleg Tinkov,$7.89B,Russian Federation,Finance
356,Mat Ishbia,$7.85B,United States,Finance
357,Hui Ka Yan,$7.85B,China,Real Estate
358,Joseph Tsai,$7.85B,Canada,Technology
359,Liz Mohn,$7.83B,Germany,Media & Telecom
360,John Doerr,$7.83B,United States,Finance
361,Kim Jung-Ju,$7.69B,"Korea, Republic of",Technology
362,Tatyana Bakalchuk,$7.68B,Russian Federation,Technology
363,Xu Shihui,$7.68B,China,Food & Beverage
364,Yu Renrong,$7.68B,China,Technology
365,Jorn Rausing,$7.66B,Sweden,Services
366,Guillaume Pousaz,$7.65B,Switzerland,Technology
367,Lin Bin,$7.62B,United States,Technology
368,Frank Lowy,$7.58B,Australia,Real Estate
369,Vincent Bollore,$7.56B,France,Diversified
370,Andre Hoffmann,$7.55B,Switzerland,Health Care
371,Matthew Prince,$7.53B,United States,Technology
372,Manuel Villar,$7.52B,Philippines,Diversified
373,Chu Lam Yiu,$7.52B,Hong Kong,"Consumer, Non-cyclical"
374,Jane Lauder,$7.51B,United States,Consumer
375,George Soros,$7.50B,United States,Finance
376,Terry Pegula,$7.49B,United States,Energy
377,Jon Gray,$7.48B,United States,Finance
378,Jian Jun,$7.48B,China,Consumer
379,Chen Jianhua,$7.48B,China,Industrial
380,Chip Wilson,$7.48B,Canada,Retail
381,Stef Wertheimer,$7.43B,Israel,Diversified
382,Leng You-Bin,$7.41B,China,Consumer
383,Patrick Ryan,$7.40B,United States,Services
384,Seo Jung-Jin,$7.39B,"Korea, Republic of",Health Care
385,Peter-Alexander Wacker & family,$7.37B,Germany,Industrial
386,Axel Oberwelland,$7.36B,Germany,Food & Beverage
387,Lin Li,$7.35B,China,Diversified
388,Alexey Kuzmichev,$7.34B,Russian Federation,Diversified
389,David Shaw,$7.33B,United States,Finance
390,Mike Novogratz,$7.32B,United States,Finance
391,Dan Cathy,$7.30B,United States,Food & Beverage
392,Bubba Cathy,$7.30B,United States,Food & Beverage
393,Li Shuirong,$7.24B,China,Energy
394,Anthony Bamford & family,$7.24B,United Kingdom,Industrial
395,Tom Gores,$7.24B,United States,Finance
396,Mark Shoen,$7.23B,United States,Services
397,Ashwin Dani & family,$7.21B,India,Industrial
398,Linda Campbell,$7.20B,Canada,Media & Telecom
399,Jiang Bin,$7.18B,China,Technology
400,Nancy Laurie,$7.18B,United States,Retail
401,Gaye Farncombe,$7.17B,Canada,Media & Telecom
402,Lynn Schusterman,$7.11B,United States,Energy
403,Henry Samueli,$7.11B,United States,Technology
404,Lai Meisong,$7.11B,China,Services
405,Bob Rich,$7.10B,United States,Food & Beverage
406,Steve Feinberg,$7.09B,United States,Finance
407,Teh Hong Piow,$7.08B,Malaysia,Finance
408,Gabe Newell,$7.05B,United States,Technology
409,Ruan Liping,$7.05B,China,Industrial
410,David Reuben,$7.05B,United Kingdom,Diversified
411,Ruan Xueping,$7.03B,China,Industrial
412,Lu Weiding,$7.03B,China,Diversified
413,Simon Reuben,$7.03B,United Kingdom,Diversified
414,Fredrik Lundberg,$7.02B,Sweden,Real Estate
415,Reed Hastings,$7.01B,United States,Technology
416,Vera Michalski-Hoffmann,$7.01B,Switzerland,Health Care
417,Maja Hoffmann,$7.01B,Switzerland,Health Care
418,Nassef Sawiris,$7.00B,Egypt,Industrial
419,Chris Hohn,$6.99B,United Kingdom,Finance
420,Geoffrey Kwok,$6.98B,Hong Kong,Real Estate
421,Idan Ofer,$6.94B,Israel,Energy
422,Ludwig Merckle,$6.93B,Germany,Industrial
423,Mohammed Al Amoudi,$6.92B,Saudi Arabia,Energy
424,Randa Williams,$6.91B,United States,Energy
425,Dannine Avara,$6.90B,United States,Energy
426,Scott Duncan,$6.90B,United States,Energy
427,Milane Frantz,$6.88B,United States,Energy
428,Mahendra Choksi & family,$6.84B,India,Industrial
429,Joseph Lau,$6.81B,Hong Kong,Real Estate
430,Frank Wang,$6.80B,China,Technology
431,Tony Ressler,$6.78B,United States,Finance
432,Alexander Otto,$6.78B,Germany,Real Estate
433,Sergey Gordeev,$6.78B,Russian Federation,Real Estate
434,Edward Roski,$6.78B,United States,Real Estate
435,Jean-Pierre Cayard,$6.76B,France,Food & Beverage
436,Ivan Glasenberg,$6.75B,Australia,Commodities
437,Olav Thon,$6.75B,Norway,Real Estate
438,J K Irving,$6.74B,Canada,Commodities
439,Ronald McAulay,$6.71B,Hong Kong,Energy
440,Nik Storonsky,$6.69B,United Kingdom,Finance
441,David Bonderman,$6.68B,United States,Finance
442,Miuccia Prada,$6.66B,Italy,Consumer
443,Falguni Nayar,$6.66B,India,Retail
444,Gao Dekang,$6.66B,China,Consumer
445,German Larrea,$6.66B,Mexico,Commodities
446,Patrizio Bertelli,$6.64B,Italy,Consumer
447,Hiroshi Mikitani,$6.64B,Japan,Retail
448,Abhay Vakil & family,$6.62B,India,Industrial
449,Marc Rowan,$6.60B,United States,Finance
450,Zhang Lei,$6.60B,China,Finance
451,Peter Thiel,$6.59B,United States,Finance
452,Jeffery Hildebrand,$6.54B,United States,Energy
453,Tsai Eng-Meng,$6.52B,Taiwan,Food & Beverage
454,Kjeld Kirk Kristiansen,$6.50B,Denmark,Consumer
455,Johan Johannson & family,$6.48B,Norway,Retail
456,Petr Aven,$6.47B,Russian Federation,Diversified
457,Barry Lam,$6.46B,Taiwan,Technology
458,Tom Morris,$6.44B,United Kingdom,Retail
459,Gwendolyn Sontheim Meyer,$6.40B,United States,Commodities
460,Pauline Keinath,$6.40B,United States,Commodities
461,Tony James,$6.38B,United States,Finance
462,Ken Fisher,$6.37B,United States,Finance
463,Leonard Stern,$6.35B,United States,Real Estate
464,Joe Mansueto,$6.34B,United States,Technology
465,Joe Lewis,$6.30B,United Kingdom,Diversified
466,Bin Li,$6.30B,China,Technology
467,Charles Cadogan,$6.27B,United Kingdom,Real Estate
468,Sofie Kirk Kristiansen,$6.27B,Denmark,Consumer
469,Agnete Kirk Thinggaard,$6.27B,Denmark,Consumer
470,Thomas Kirk Kristiansen,$6.27B,Denmark,Consumer
471,Jean-Michel Besnier,$6.27B,France,Food & Beverage
472,Vyacheslav Kim,$6.27B,Kazakhstan,Finance
473,Kei Hoi Pang,$6.26B,China,Real Estate
474,Sam Zell,$6.22B,United States,Real Estate
475,Terry Gou,$6.22B,Taiwan,Industrial
476,Pat Stryker,$6.21B,United States,Health Care
477,Antti Herlin,$6.20B,Finland,Industrial
478,Henry Laufer,$6.18B,United States,Finance
479,Charles Johnson,$6.16B,United States,Finance
480,Kenneth Dart,$6.14B,Cayman Islands,Finance
481,Ann Kroenke,$6.13B,United States,Retail
482,Lin Muqin,$6.12B,China,Consumer
483,Marcos Galperin,$6.11B,Argentina,Technology
484,Wang Yanqing,$6.10B,China,Technology
485,Dick Schulze,$6.09B,United States,Retail
486,Majid Al Futtaim,$6.07B,United Arab Emirates,Real Estate
487,Bidzina Ivanishvili,$6.07B,Georgia,Diversified
488,Eric Smidt,$6.06B,United States,Retail
489,Andreas Halvorsen,$6.04B,Norway,Finance
490,Richard Li,$6.02B,Hong Kong,Media & Telecom
491,Mikheil Lomtadze,$6.01B,Georgia,Finance
492,Yasumitsu Shigeta,$6.00B,Japan,Media & Telecom
493,David Cheriton,$6.00B,Canada,Technology
494,Robert Kraft,$5.99B,United States,Entertainment
495,Kjell Inge Rokke,$5.99B,Norway,Industrial
496,Wang Wenjing,$5.99B,China,Technology
497,Su Hua,$5.99B,China,Technology
498,Mark Cuban,$5.98B,United States,Technology
499,Finn Rausing,$5.98B,Sweden,Services
500,Kirsten Rausing,$5.98B,Sweden,Services
